iter	Logloss
0	0.3617979102
1	0.3501848537
2	0.3435325551
3	0.3410377238
4	0.3395144572
